Local time,Open,High,Low,Close,Volume
30.01.2018 09:00:00.000 GMT-0500,31.953,32.203,31.852,31.993,93.02019999999999
30.01.2018 13:00:00.000 GMT-0500,31.992,32.073,31.879,31.892,79.6407
31.01.2018 09:00:00.000 GMT-0500,32.093,32.283,32.012,32.202,84.58709999999999
31.01.2018 13:00:00.000 GMT-0500,32.203,32.293,31.962,32.012,102.2529
01.02.2018 09:00:00.000 GMT-0500,32.042,32.403,31.973,32.352,95.24619999999999
01.02.2018 13:00:00.000 GMT-0500,32.352,32.502,32.248,32.497,77.9542
02.02.2018 09:00:00.000 GMT-0500,32.503,32.673,32.262,32.351,100.42159999999998
02.02.2018 13:00:00.000 GMT-0500,32.343,32.393,31.872,31.933,97.9143
05.02.2018 09:00:00.000 GMT-0500,31.152,31.983,31.092,31.733,92.88240000000002
05.02.2018 13:00:00.000 GMT-0500,31.732,31.733,29.513,30.269,97.2124
06.02.2018 09:00:00.000 GMT-0500,29.452,31.243,29.313,30.532,152.9937
06.02.2018 13:00:00.000 GMT-0500,30.532,31.292,30.102,31.222,105.4538
07.02.2018 09:00:00.000 GMT-0500,31.122,31.743,30.872,31.541,106.7827
07.02.2018 13:00:00.000 GMT-0500,31.541,31.632,31.162,31.242,87.1971
08.02.2018 09:00:00.000 GMT-0500,31.342,31.383,30.208,30.373,103.12
08.02.2018 13:00:00.000 GMT-0500,30.372,30.883,29.762,29.762,105.71960000000001
09.02.2018 09:00:00.000 GMT-0500,30.242,30.393,29.202,29.583,107.65
09.02.2018 13:00:00.000 GMT-0500,29.572,30.603,29.140,30.333,104.20159999999998
12.02.2018 09:00:00.000 GMT-0500,30.643,31.233,30.552,31.212,105.7294
12.02.2018 13:00:00.000 GMT-0500,31.213,31.443,31.052,31.112,87.3876
13.02.2018 09:00:00.000 GMT-0500,30.963,31.403,30.772,31.123,74.1372
13.02.2018 13:00:00.000 GMT-0500,31.122,31.383,31.120,31.182,69.3837
14.02.2018 09:00:00.000 GMT-0500,31.203,31.712,31.062,31.663,99.3188
14.02.2018 13:00:00.000 GMT-0500,31.662,32.033,31.662,32.008,103.7963
15.02.2018 09:00:00.000 GMT-0500,32.433,32.473,31.882,32.083,85.0227
15.02.2018 13:00:00.000 GMT-0500,32.082,32.233,32.022,32.212,72.4717
16.02.2018 09:00:00.000 GMT-0500,32.012,32.263,31.932,32.162,85.60929999999999
16.02.2018 13:00:00.000 GMT-0500,32.172,32.193,31.963,31.983,114.9667
20.02.2018 09:00:00.000 GMT-0500,31.962,32.163,31.782,32.063,107.607
20.02.2018 13:00:00.000 GMT-0500,32.062,32.073,31.762,31.933,118.1635
21.02.2018 09:00:00.000 GMT-0500,31.823,32.153,31.782,32.153,69.0188
21.02.2018 13:00:00.000 GMT-0500,32.152,32.373,31.882,31.883,65.0079
22.02.2018 09:00:00.000 GMT-0500,32.003,32.143,31.842,31.992,50.7154
22.02.2018 13:00:00.000 GMT-0500,31.993,32.053,31.602,31.703,54.280100000000004
23.02.2018 09:00:00.000 GMT-0500,31.852,31.953,31.782,31.863,55.376599999999996
23.02.2018 13:00:00.000 GMT-0500,31.862,32.063,31.792,32.043,77.4923
26.02.2018 09:00:00.000 GMT-0500,32.172,32.333,32.062,32.322,71.1962
26.02.2018 13:00:00.000 GMT-0500,32.323,32.453,32.262,32.442,132.31459999999998
27.02.2018 09:00:00.000 GMT-0500,32.353,32.853,32.342,32.732,57.696400000000004
27.02.2018 13:00:00.000 GMT-0500,32.733,32.793,32.342,32.343,52.1907
28.02.2018 09:00:00.000 GMT-0500,32.502,32.773,32.392,32.533,44.3906
28.02.2018 13:00:00.000 GMT-0500,32.532,32.653,32.102,32.103,61.733999999999995
01.03.2018 09:00:00.000 GMT-0500,32.073,32.352,31.862,31.952,47.1715
01.03.2018 13:00:00.000 GMT-0500,31.953,31.953,31.372,31.493,44.7837
02.03.2018 09:00:00.000 GMT-0500,31.132,31.663,30.642,31.612,53.4808
02.03.2018 13:00:00.000 GMT-0500,31.613,31.703,31.303,31.633,49.4939
05.03.2018 09:00:00.000 GMT-0500,31.363,32.173,31.173,32.153,52.3358
05.03.2018 13:00:00.000 GMT-0500,32.152,32.353,32.122,32.142,55.7938
06.03.2018 09:00:00.000 GMT-0500,32.303,32.343,31.962,32.262,45.4551
06.03.2018 13:00:00.000 GMT-0500,32.263,32.323,32.052,32.123,52.4821
07.03.2018 09:00:00.000 GMT-0500,31.843,32.013,31.592,31.872,61.28189999999999
07.03.2018 13:00:00.000 GMT-0500,31.872,32.233,31.772,32.193,59.542100000000005
08.03.2018 09:00:00.000 GMT-0500,32.212,32.273,31.822,31.953,60.3956
08.03.2018 13:00:00.000 GMT-0500,31.952,32.273,31.912,32.202,62.4556
09.03.2018 09:00:00.000 GMT-0500,32.453,32.703,32.412,32.622,95.465
09.03.2018 13:00:00.000 GMT-0500,32.623,32.733,32.602,32.713,134.7534
12.03.2018 09:00:00.000 GMT-0400,32.703,33.053,32.652,32.852,57.8194
12.03.2018 13:00:00.000 GMT-0400,32.853,33.013,32.822,32.852,70.518
13.03.2018 09:00:00.000 GMT-0400,33.003,33.003,32.483,32.633,71.7778
13.03.2018 13:00:00.000 GMT-0400,32.632,32.743,32.312,32.373,74.88220000000001
14.03.2018 09:00:00.000 GMT-0400,32.532,32.533,31.942,32.192,66.196
14.03.2018 13:00:00.000 GMT-0400,32.193,32.323,32.022,32.152,74.8623
15.03.2018 09:00:00.000 GMT-0400,32.303,32.343,31.942,32.152,85.3343
15.03.2018 13:00:00.000 GMT-0400,32.153,32.203,32.012,32.122,71.2774
16.03.2018 09:00:00.000 GMT-0400,32.183,32.573,32.152,32.423,63.7006
16.03.2018 13:00:00.000 GMT-0400,32.422,32.433,32.162,32.162,79.1422
19.03.2018 09:00:00.000 GMT-0400,32.183,32.223,31.892,31.943,67.51089999999999
19.03.2018 13:00:00.000 GMT-0400,31.942,32.063,31.692,31.993,62.6212
20.03.2018 09:00:00.000 GMT-0400,32.093,32.203,31.892,32.113,52.538
20.03.2018 13:00:00.000 GMT-0400,32.112,32.143,31.972,31.992,70.1494
21.03.2018 09:00:00.000 GMT-0400,32.022,32.113,31.692,32.072,57.1453
21.03.2018 13:00:00.000 GMT-0400,32.073,32.453,31.882,31.882,56.7412
22.03.2018 09:00:00.000 GMT-0400,31.463,31.483,30.672,31.022,59.9024
22.03.2018 13:00:00.000 GMT-0400,31.023,31.232,30.432,30.553,47.2183
23.03.2018 09:00:00.000 GMT-0400,30.712,30.823,29.652,29.812,47.0144
23.03.2018 13:00:00.000 GMT-0400,29.802,30.163,29.062,29.183,46.638400000000004
26.03.2018 09:00:00.000 GMT-0400,29.932,30.193,29.672,30.022,50.7584
26.03.2018 13:00:00.000 GMT-0400,30.023,30.563,29.962,30.452,68.3686
27.03.2018 09:00:00.000 GMT-0400,30.673,30.673,30.302,30.452,54.962
27.03.2018 13:00:00.000 GMT-0400,30.453,30.503,29.222,29.523,49.372699999999995
28.03.2018 09:00:00.000 GMT-0400,29.863,29.963,29.022,29.362,36.103300000000004
28.03.2018 13:00:00.000 GMT-0400,29.363,29.702,29.292,29.393,39.3652
29.03.2018 09:00:00.000 GMT-0400,29.583,29.723,29.332,29.612,42.0944
29.03.2018 13:00:00.000 GMT-0400,29.613,30.143,29.552,29.973,52.7984
02.04.2018 09:00:00.000 GMT-0400,29.882,30.063,28.962,29.133,45.474
02.04.2018 13:00:00.000 GMT-0400,29.122,29.353,28.762,29.303,47.8613
03.04.2018 09:00:00.000 GMT-0400,29.553,29.653,29.202,29.353,46.8901
03.04.2018 13:00:00.000 GMT-0400,29.352,29.653,29.112,29.605,49.194199999999995
04.04.2018 09:00:00.000 GMT-0400,29.013,29.663,28.955,29.552,39.1881
04.04.2018 13:00:00.000 GMT-0400,29.553,29.973,29.272,29.882,44.5238
05.04.2018 09:00:00.000 GMT-0400,30.193,30.553,30.122,30.472,43.112
05.04.2018 13:00:00.000 GMT-0400,30.473,30.543,30.292,30.332,40.8345
06.04.2018 09:00:00.000 GMT-0400,30.052,30.293,29.772,29.933,43.338800000000006
06.04.2018 13:00:00.000 GMT-0400,29.932,29.933,29.382,29.632,59.7786
09.04.2018 09:00:00.000 GMT-0400,29.862,30.403,29.803,30.353,43.03959999999999
09.04.2018 13:00:00.000 GMT-0400,30.352,30.633,29.842,29.883,48.844
10.04.2018 09:00:00.000 GMT-0400,30.492,30.593,30.232,30.412,50.057
10.04.2018 13:00:00.000 GMT-0400,30.413,30.553,30.352,30.483,38.602399999999996
11.04.2018 09:00:00.000 GMT-0400,30.162,30.243,29.952,30.033,43.3575
11.04.2018 13:00:00.000 GMT-0400,30.043,30.133,29.902,29.922,38.0711
12.04.2018 09:00:00.000 GMT-0400,30.243,30.683,30.182,30.653,58.813100000000006
12.04.2018 13:00:00.000 GMT-0400,30.652,30.803,30.442,30.682,51.2475
13.04.2018 09:00:00.000 GMT-0400,31.182,31.183,29.572,29.932,28.661900000000003
13.04.2018 13:00:00.000 GMT-0400,29.933,30.023,29.662,29.822,28.747300000000003
16.04.2018 09:00:00.000 GMT-0400,30.093,30.253,29.482,29.853,40.6943
16.04.2018 13:00:00.000 GMT-0400,29.852,30.373,29.852,29.933,67.3369
17.04.2018 09:00:00.000 GMT-0400,30.223,30.383,30.092,30.172,44.2034
17.04.2018 13:00:00.000 GMT-0400,30.173,30.183,29.892,30.023,59.7163
18.04.2018 09:00:00.000 GMT-0400,30.052,30.223,29.532,29.603,63.21600000000001
18.04.2018 13:00:00.000 GMT-0400,29.602,29.663,29.512,29.532,81.9913
19.04.2018 09:00:00.000 GMT-0400,29.543,30.243,29.543,30.102,56.775000000000006
19.04.2018 13:00:00.000 GMT-0400,30.103,30.243,29.972,30.203,52.0598
20.04.2018 09:00:00.000 GMT-0400,30.333,30.533,30.142,30.292,56.7448
20.04.2018 13:00:00.000 GMT-0400,30.293,30.393,30.152,30.263,61.436499999999995
23.04.2018 09:00:00.000 GMT-0400,30.283,30.403,30.132,30.382,54.81660000000001
23.04.2018 13:00:00.000 GMT-0400,30.383,30.403,30.192,30.312,69.6486
24.04.2018 09:00:00.000 GMT-0400,30.503,30.863,30.332,30.333,65.35040000000001
24.04.2018 13:00:00.000 GMT-0400,30.332,30.433,30.012,30.182,49.173899999999996
25.04.2018 09:00:00.000 GMT-0400,30.123,30.243,29.812,30.102,56.077200000000005
25.04.2018 13:00:00.000 GMT-0400,30.102,30.353,30.012,30.153,74.7077
26.04.2018 09:00:00.000 GMT-0400,30.062,30.243,30.012,30.192,84.9745
26.04.2018 13:00:00.000 GMT-0400,30.193,30.293,30.072,30.083,73.0874
27.04.2018 09:00:00.000 GMT-0400,30.052,30.213,30.012,30.192,98.66909999999999
27.04.2018 13:00:00.000 GMT-0400,30.192,30.223,30.120,30.162,104.8441
30.04.2018 09:00:00.000 GMT-0400,30.262,30.433,30.122,30.252,71.3417
30.04.2018 13:00:00.000 GMT-0400,30.252,30.303,29.942,29.952,85.1194
01.05.2018 09:00:00.000 GMT-0400,29.942,29.942,29.642,29.820,87.375
01.05.2018 13:00:00.000 GMT-0400,29.820,29.973,29.698,29.963,81.196
02.05.2018 09:00:00.000 GMT-0400,29.933,30.083,29.772,29.993,80.3292
02.05.2018 13:00:00.000 GMT-0400,29.992,30.083,29.582,29.602,79.6449
03.05.2018 09:00:00.000 GMT-0400,29.533,29.533,28.452,29.151,101.76440000000001
03.05.2018 13:00:00.000 GMT-0400,29.151,29.333,28.980,29.213,85.3928
04.05.2018 09:00:00.000 GMT-0400,29.032,29.403,28.842,29.383,96.3539
04.05.2018 13:00:00.000 GMT-0400,29.382,29.433,29.277,29.323,85.8022
07.05.2018 09:00:00.000 GMT-0400,29.473,29.623,29.351,29.602,90.96629999999999
07.05.2018 13:00:00.000 GMT-0400,29.603,29.803,29.581,29.652,82.0535
08.05.2018 09:00:00.000 GMT-0400,29.783,30.143,29.720,29.822,89.7638
08.05.2018 13:00:00.000 GMT-0400,29.823,30.003,29.682,29.953,72.2593
09.05.2018 09:00:00.000 GMT-0400,30.163,30.643,30.092,30.592,106.1734
09.05.2018 13:00:00.000 GMT-0400,30.593,30.803,30.592,30.741,93.2693
10.05.2018 09:00:00.000 GMT-0400,30.642,31.083,30.439,31.043,91.62480000000001
10.05.2018 13:00:00.000 GMT-0400,31.042,31.072,30.852,30.902,78.18990000000001
11.05.2018 09:00:00.000 GMT-0400,30.982,31.043,30.829,30.962,83.99109999999999
11.05.2018 13:00:00.000 GMT-0400,30.963,30.993,30.888,30.942,72.52289999999999
14.05.2018 09:00:00.000 GMT-0400,31.172,31.242,31.042,31.103,80.8779
14.05.2018 13:00:00.000 GMT-0400,31.102,31.223,31.081,31.133,90.3997
15.05.2018 09:00:00.000 GMT-0400,30.933,31.373,30.882,31.323,108.3571
15.05.2018 13:00:00.000 GMT-0400,31.322,31.343,31.120,31.232,85.8075
16.05.2018 09:00:00.000 GMT-0400,31.202,31.263,31.042,31.153,83.0872
16.05.2018 13:00:00.000 GMT-0400,31.152,31.193,31.049,31.083,86.1644
17.05.2018 09:00:00.000 GMT-0400,31.162,31.162,30.702,30.913,80.99180000000001
17.05.2018 13:00:00.000 GMT-0400,30.912,30.953,30.692,30.812,88.07130000000001
18.05.2018 09:00:00.000 GMT-0400,30.843,30.843,30.362,30.402,81.20570000000001
18.05.2018 13:00:00.000 GMT-0400,30.403,30.453,30.252,30.252,74.5517
21.05.2018 09:00:00.000 GMT-0400,30.562,30.693,30.520,30.563,84.79659999999998
21.05.2018 13:00:00.000 GMT-0400,30.562,30.603,30.492,30.562,69.97959999999999
22.05.2018 09:00:00.000 GMT-0400,30.642,31.043,30.562,31.002,103.3716
22.05.2018 13:00:00.000 GMT-0400,31.003,31.153,30.868,30.912,110.79140000000001
23.05.2018 09:00:00.000 GMT-0400,30.822,30.822,30.102,30.419,95.43880000000001
23.05.2018 13:00:00.000 GMT-0400,30.419,30.483,30.322,30.462,90.6203
24.05.2018 09:00:00.000 GMT-0400,30.443,30.443,29.852,30.202,104.0744
24.05.2018 13:00:00.000 GMT-0400,30.203,30.303,30.158,30.202,89.79589999999999
25.05.2018 09:00:00.000 GMT-0400,30.053,30.183,29.902,30.071,92.23049999999999
25.05.2018 13:00:00.000 GMT-0400,30.071,30.203,29.990,30.172,82.75659999999999
29.05.2018 09:00:00.000 GMT-0400,29.783,29.813,28.872,29.163,128.8986
29.05.2018 13:00:00.000 GMT-0400,29.163,29.163,28.722,28.972,153.23039999999997
30.05.2018 09:00:00.000 GMT-0400,29.423,29.613,29.178,29.552,109.9027
30.05.2018 13:00:00.000 GMT-0400,29.553,29.603,29.432,29.491,95.2748
31.05.2018 09:00:00.000 GMT-0400,29.263,29.282,28.842,29.062,97.167
31.05.2018 13:00:00.000 GMT-0400,29.063,29.143,28.880,29.041,100.92009999999999
01.06.2018 09:00:00.000 GMT-0400,29.523,29.673,29.327,29.453,114.9948
01.06.2018 13:00:00.000 GMT-0400,29.452,29.533,29.360,29.393,114.6708
04.06.2018 09:00:00.000 GMT-0400,29.592,29.603,29.368,29.371,95.459
04.06.2018 13:00:00.000 GMT-0400,29.372,29.473,29.349,29.413,95.07770000000001
05.06.2018 09:00:00.000 GMT-0400,29.362,29.362,29.082,29.202,86.9459
05.06.2018 13:00:00.000 GMT-0400,29.202,29.273,29.113,29.152,74.0001
06.06.2018 09:00:00.000 GMT-0400,29.323,29.933,29.312,29.902,118.3299
06.06.2018 13:00:00.000 GMT-0400,29.903,30.063,29.892,30.052,147.9317
07.06.2018 09:00:00.000 GMT-0400,30.232,30.323,30.062,30.182,110.64450000000001
07.06.2018 13:00:00.000 GMT-0400,30.183,30.183,29.913,30.093,96.3589
08.06.2018 09:00:00.000 GMT-0400,30.083,30.083,29.832,29.952,99.9589
08.06.2018 13:00:00.000 GMT-0400,29.953,30.033,29.892,30.013,92.1229
11.06.2018 09:00:00.000 GMT-0400,30.143,30.423,30.092,30.252,96.5588
11.06.2018 13:00:00.000 GMT-0400,30.253,30.273,30.082,30.082,80.5442
12.06.2018 09:00:00.000 GMT-0400,30.182,30.283,30.012,30.032,92.4721
12.06.2018 13:00:00.000 GMT-0400,30.033,30.072,29.772,29.903,96.47999999999999
13.06.2018 09:00:00.000 GMT-0400,30.063,30.063,29.712,29.892,83.5187
13.06.2018 13:00:00.000 GMT-0400,29.892,30.372,29.852,29.852,89.8759
14.06.2018 09:00:00.000 GMT-0400,30.022,30.053,29.402,29.413,101.8844
14.06.2018 13:00:00.000 GMT-0400,29.412,29.573,29.412,29.533,97.2368
15.06.2018 09:00:00.000 GMT-0400,29.303,29.313,28.883,29.223,85.5765
15.06.2018 13:00:00.000 GMT-0400,29.222,29.423,29.172,29.283,92.9585
18.06.2018 09:00:00.000 GMT-0400,29.022,29.453,28.833,29.442,92.48089999999999
18.06.2018 13:00:00.000 GMT-0400,29.443,29.513,29.392,29.423,96.5379
19.06.2018 09:00:00.000 GMT-0400,29.073,29.333,28.972,29.202,110.0451
19.06.2018 13:00:00.000 GMT-0400,29.203,29.383,29.172,29.292,98.5847
20.06.2018 09:00:00.000 GMT-0400,29.452,29.513,29.202,29.282,95.617
20.06.2018 13:00:00.000 GMT-0400,29.282,29.383,29.222,29.263,79.723
21.06.2018 09:00:00.000 GMT-0400,29.322,29.373,29.022,29.322,100.375
21.06.2018 13:00:00.000 GMT-0400,29.313,29.463,29.212,29.312,80.911
22.06.2018 09:00:00.000 GMT-0400,29.483,29.533,29.122,29.132,83.3678
22.06.2018 13:00:00.000 GMT-0400,29.132,29.153,29.022,29.022,99.4706
25.06.2018 09:00:00.000 GMT-0400,28.903,28.923,28.282,28.483,94.9778
25.06.2018 13:00:00.000 GMT-0400,28.482,28.603,28.302,28.513,91.93289999999999
26.06.2018 09:00:00.000 GMT-0400,28.543,28.543,28.032,28.472,91.6887
26.06.2018 13:00:00.000 GMT-0400,28.463,28.683,28.462,28.562,77.2304
27.06.2018 09:00:00.000 GMT-0400,28.563,28.863,28.482,28.522,84.8099
27.06.2018 13:00:00.000 GMT-0400,28.523,28.563,28.262,28.263,91.1473
28.06.2018 09:00:00.000 GMT-0400,28.512,28.773,28.322,28.733,86.5805
28.06.2018 13:00:00.000 GMT-0400,28.732,28.853,28.662,28.703,81.17830000000001
29.06.2018 09:00:00.000 GMT-0400,29.173,29.183,28.632,28.673,106.6442
29.06.2018 13:00:00.000 GMT-0400,28.672,28.753,28.212,28.223,116.9301
02.07.2018 09:00:00.000 GMT-0400,28.172,28.283,27.853,28.122,118.2862
02.07.2018 13:00:00.000 GMT-0400,28.123,28.293,28.081,28.291,104.5897
03.07.2018 09:00:00.000 GMT-0400,28.363,28.443,27.762,27.823,111.1284
05.07.2018 09:00:00.000 GMT-0400,28.053,28.093,27.831,28.023,90.56379999999999
05.07.2018 13:00:00.000 GMT-0400,28.022,28.053,27.847,27.933,88.77000000000001
06.07.2018 09:00:00.000 GMT-0400,27.843,28.163,27.652,28.112,90.60000000000001
06.07.2018 13:00:00.000 GMT-0400,28.113,28.153,28.001,28.053,98.0796
09.07.2018 09:00:00.000 GMT-0400,28.293,28.893,28.242,28.873,102.28569999999999
09.07.2018 13:00:00.000 GMT-0400,28.872,29.103,28.872,29.081,122.97370000000001
10.07.2018 09:00:00.000 GMT-0400,29.253,29.343,28.772,28.822,124.3851
10.07.2018 13:00:00.000 GMT-0400,28.822,28.893,28.772,28.843,99.27340000000001
11.07.2018 09:00:00.000 GMT-0400,28.762,28.922,28.642,28.802,99.35790000000001
11.07.2018 13:00:00.000 GMT-0400,28.802,28.833,28.672,28.682,101.70500000000001
12.07.2018 09:00:00.000 GMT-0400,28.952,28.973,28.678,28.803,89.0717
12.07.2018 13:00:00.000 GMT-0400,28.802,28.843,28.698,28.792,92.80699999999999
13.07.2018 09:00:00.000 GMT-0400,28.671,28.703,28.243,28.602,81.019
13.07.2018 13:00:00.000 GMT-0400,28.603,28.653,28.408,28.553,74.33860000000001
16.07.2018 09:00:00.000 GMT-0400,28.812,29.573,28.762,29.542,91.12180000000001
16.07.2018 13:00:00.000 GMT-0400,29.543,29.862,29.532,29.792,113.9299
17.07.2018 09:00:00.000 GMT-0400,29.912,30.213,29.598,30.092,105.1737
17.07.2018 13:00:00.000 GMT-0400,30.093,30.143,29.998,30.022,110.68809999999999
18.07.2018 09:00:00.000 GMT-0400,29.973,30.303,29.862,30.221,104.47590000000001
18.07.2018 13:00:00.000 GMT-0400,30.221,30.223,30.068,30.142,102.196
19.07.2018 09:00:00.000 GMT-0400,30.012,30.032,29.722,29.743,110.6992
19.07.2018 13:00:00.000 GMT-0400,29.742,29.833,29.662,29.672,120.25370000000001
20.07.2018 09:00:00.000 GMT-0400,29.593,30.103,29.482,30.042,113.35220000000001
20.07.2018 13:00:00.000 GMT-0400,30.042,30.173,30.002,30.133,142.52530000000002
23.07.2018 09:00:00.000 GMT-0400,30.162,30.863,30.132,30.813,112.747
23.07.2018 13:00:00.000 GMT-0400,30.812,30.853,30.742,30.772,117.4071
24.07.2018 09:00:00.000 GMT-0400,30.862,31.123,30.672,30.943,126.3192
24.07.2018 13:00:00.000 GMT-0400,30.942,30.973,30.712,30.832,116.3483
25.07.2018 09:00:00.000 GMT-0400,30.782,30.943,30.702,30.873,77.0796
25.07.2018 13:00:00.000 GMT-0400,30.872,31.123,30.752,31.083,104.3845
26.07.2018 09:00:00.000 GMT-0400,31.162,31.223,30.982,31.080,99.4039
26.07.2018 13:00:00.000 GMT-0400,31.080,31.113,30.912,30.952,106.4029
27.07.2018 09:00:00.000 GMT-0400,31.018,31.063,30.822,30.893,110.3976
27.07.2018 13:00:00.000 GMT-0400,30.882,31.153,30.830,31.079,115.2449
30.07.2018 09:00:00.000 GMT-0400,31.163,31.463,31.152,31.262,98.3057
30.07.2018 13:00:00.000 GMT-0400,31.262,31.463,31.228,31.340,117.02100000000002
31.07.2018 09:00:00.000 GMT-0400,31.373,31.423,30.842,31.068,99.74520000000001
31.07.2018 13:00:00.000 GMT-0400,31.073,31.162,30.872,30.902,122.4512
01.08.2018 09:00:00.000 GMT-0400,31.343,31.563,31.192,31.272,120.0203
01.08.2018 13:00:00.000 GMT-0400,31.272,31.443,31.218,31.273,119.5473
02.08.2018 09:00:00.000 GMT-0400,31.023,31.243,30.892,31.139,108.0119
02.08.2018 13:00:00.000 GMT-0400,31.139,31.323,31.080,31.293,105.366
03.08.2018 09:00:00.000 GMT-0400,31.223,31.483,31.212,31.432,104.8482
03.08.2018 13:00:00.000 GMT-0400,31.432,31.523,31.429,31.523,148.3125
06.08.2018 09:00:00.000 GMT-0400,31.472,31.603,31.342,31.563,110.1637
06.08.2018 13:00:00.000 GMT-0400,31.562,31.603,31.502,31.532,126.1306
07.08.2018 09:00:00.000 GMT-0400,31.592,31.813,31.552,31.653,136.7129
07.08.2018 13:00:00.000 GMT-0400,31.652,31.673,31.507,31.533,126.91259999999998
08.08.2018 09:00:00.000 GMT-0400,31.553,31.793,31.502,31.792,109.79090000000001
08.08.2018 13:00:00.000 GMT-0400,31.793,31.933,31.768,31.822,165.4171
09.08.2018 09:00:00.000 GMT-0400,31.773,31.803,31.582,31.632,87.6521
09.08.2018 13:00:00.000 GMT-0400,31.633,31.683,31.573,31.613,111.4111
10.08.2018 09:00:00.000 GMT-0400,31.272,31.343,30.921,31.262,114.7539
10.08.2018 13:00:00.000 GMT-0400,31.262,31.272,31.039,31.213,134.13139999999999
13.08.2018 09:00:00.000 GMT-0400,31.292,31.292,30.752,30.752,121.5574
13.08.2018 13:00:00.000 GMT-0400,30.742,30.823,30.472,30.492,160.715
14.08.2018 09:00:00.000 GMT-0400,30.683,30.743,30.442,30.743,132.91559999999998
14.08.2018 13:00:00.000 GMT-0400,30.742,30.913,30.742,30.822,136.83870000000002
15.08.2018 09:00:00.000 GMT-0400,30.513,30.633,30.252,30.392,119.2551
15.08.2018 13:00:00.000 GMT-0400,30.393,30.433,30.172,30.371,122.89579999999998
16.08.2018 09:00:00.000 GMT-0400,30.572,30.853,30.542,30.763,109.1018
16.08.2018 13:00:00.000 GMT-0400,30.763,30.843,30.732,30.742,120.13639999999998
17.08.2018 09:00:00.000 GMT-0400,30.723,30.793,30.572,30.689,96.30969999999999
17.08.2018 13:00:00.000 GMT-0400,30.691,30.873,30.680,30.752,140.0996
20.08.2018 09:00:00.000 GMT-0400,30.753,30.943,30.672,30.803,87.51729999999999
20.08.2018 13:00:00.000 GMT-0400,30.802,30.913,30.772,30.872,108.51859999999999
21.08.2018 09:00:00.000 GMT-0400,31.012,31.263,30.852,31.172,111.6675
21.08.2018 13:00:00.000 GMT-0400,31.173,31.233,31.042,31.053,150.2409
22.08.2018 09:00:00.000 GMT-0400,30.963,31.103,30.902,30.993,90.6327
22.08.2018 13:00:00.000 GMT-0400,30.992,31.023,30.932,31.002,105.82590000000002
23.08.2018 09:00:00.000 GMT-0400,30.993,30.999,30.772,30.810,116.8988
23.08.2018 13:00:00.000 GMT-0400,30.811,30.863,30.762,30.853,118.75529999999999
24.08.2018 09:00:00.000 GMT-0400,30.962,31.093,30.912,31.003,118.86009999999999
24.08.2018 13:00:00.000 GMT-0400,31.002,31.003,30.870,30.923,137.3859
27.08.2018 09:00:00.000 GMT-0400,31.142,31.503,31.012,31.472,160.2999
27.08.2018 13:00:00.000 GMT-0400,31.472,31.503,31.309,31.332,152.7409
28.08.2018 09:00:00.000 GMT-0400,31.452,31.452,31.209,31.262,114.50209999999998
28.08.2018 13:00:00.000 GMT-0400,31.263,31.353,31.232,31.293,143.2693
29.08.2018 09:00:00.000 GMT-0400,31.332,31.332,31.092,31.173,121.411
29.08.2018 13:00:00.000 GMT-0400,31.172,31.263,31.102,31.152,118.74999999999999
30.08.2018 09:00:00.000 GMT-0400,31.052,31.163,30.972,31.103,120.8888
30.08.2018 13:00:00.000 GMT-0400,31.102,31.133,30.972,31.012,138.3581
31.08.2018 09:00:00.000 GMT-0400,30.893,30.913,30.642,30.822,123.74040000000001
31.08.2018 13:00:00.000 GMT-0400,30.822,30.963,30.800,30.943,132.8874
04.09.2018 09:00:00.000 GMT-0400,30.972,31.113,30.943,31.080,105.4915
04.09.2018 13:00:00.000 GMT-0400,31.083,31.173,31.039,31.152,143.77460000000002
05.09.2018 09:00:00.000 GMT-0400,31.133,31.253,30.988,31.003,109.23680000000002
05.09.2018 13:00:00.000 GMT-0400,31.002,31.213,31.001,31.193,125.9046
06.09.2018 09:00:00.000 GMT-0400,31.203,31.203,30.822,30.822,125.16129999999998
06.09.2018 13:00:00.000 GMT-0400,30.823,30.933,30.752,30.852,130.91590000000002
07.09.2018 09:00:00.000 GMT-0400,31.042,31.137,30.652,30.842,124.7439
07.09.2018 13:00:00.000 GMT-0400,30.843,31.013,30.828,30.893,142.183
10.09.2018 09:00:00.000 GMT-0400,30.923,31.013,30.772,30.822,155.7471
10.09.2018 13:00:00.000 GMT-0400,30.823,30.883,30.798,30.852,132.6895
11.09.2018 09:00:00.000 GMT-0400,30.782,30.913,30.722,30.913,109.63589999999999
11.09.2018 13:00:00.000 GMT-0400,30.913,30.913,30.848,30.863,134.3283
12.09.2018 09:00:00.000 GMT-0400,30.953,30.973,30.432,30.453,136.0821
12.09.2018 13:00:00.000 GMT-0400,30.452,30.513,30.402,30.443,138.9026
13.09.2018 09:00:00.000 GMT-0400,30.562,30.683,30.172,30.232,150.303
13.09.2018 13:00:00.000 GMT-0400,30.233,30.283,30.102,30.152,149.07479999999998
14.09.2018 09:00:00.000 GMT-0400,30.233,30.402,30.153,30.253,128.0208
14.09.2018 13:00:00.000 GMT-0400,30.252,30.383,30.240,30.372,138.7117
17.09.2018 09:00:00.000 GMT-0400,30.553,30.553,30.172,30.223,120.2003
17.09.2018 13:00:00.000 GMT-0400,30.222,30.293,30.189,30.292,147.8166
18.09.2018 09:00:00.000 GMT-0400,30.372,30.413,30.152,30.292,138.87
18.09.2018 13:00:00.000 GMT-0400,30.292,30.303,30.217,30.242,174.3369
19.09.2018 09:00:00.000 GMT-0400,30.183,31.053,30.172,31.053,151.0366
19.09.2018 13:00:00.000 GMT-0400,31.052,31.213,30.968,31.033,201.5565
20.09.2018 09:00:00.000 GMT-0400,31.292,31.383,31.162,31.353,157.51330000000002
20.09.2018 13:00:00.000 GMT-0400,31.352,31.373,31.191,31.213,205.315
21.09.2018 09:00:00.000 GMT-0400,31.382,31.393,30.992,31.032,132.21179999999998
21.09.2018 13:00:00.000 GMT-0400,31.033,31.093,31.002,31.052,188.4726
24.09.2018 09:00:00.000 GMT-0400,31.023,31.213,30.692,30.712,123.5076
24.09.2018 13:00:00.000 GMT-0400,30.712,30.783,30.682,30.772,131.8402
25.09.2018 09:00:00.000 GMT-0400,31.002,31.062,30.791,30.792,98.2204
25.09.2018 13:00:00.000 GMT-0400,30.792,30.803,30.623,30.683,110.19539999999999
26.09.2018 09:00:00.000 GMT-0400,30.883,30.883,30.502,30.513,113.6798
26.09.2018 13:00:00.000 GMT-0400,30.512,30.623,30.082,30.161,138.57670000000002
27.09.2018 09:00:00.000 GMT-0400,30.333,30.333,29.952,30.192,108.2926
27.09.2018 13:00:00.000 GMT-0400,30.193,30.203,29.952,29.963,153.8052
28.09.2018 09:00:00.000 GMT-0400,29.642,29.863,29.562,29.602,128.8413
28.09.2018 13:00:00.000 GMT-0400,29.603,29.663,29.442,29.482,235.07709999999997
01.10.2018 09:00:00.000 GMT-0400,29.862,29.953,29.602,29.693,101.59039999999999
01.10.2018 13:00:00.000 GMT-0400,29.692,29.733,29.562,29.673,121.24419999999999
02.10.2018 09:00:00.000 GMT-0400,29.592,29.733,29.292,29.472,108.63129999999998
02.10.2018 13:00:00.000 GMT-0400,29.473,29.613,29.452,29.593,128.0466
03.10.2018 09:00:00.000 GMT-0400,29.822,30.183,29.742,30.122,113.9274
03.10.2018 13:00:00.000 GMT-0400,30.122,30.193,29.962,30.023,142.9239
04.10.2018 09:00:00.000 GMT-0400,30.173,30.803,30.172,30.362,140.0221
04.10.2018 13:00:00.000 GMT-0400,30.363,30.492,30.192,30.443,150.61860000000001
05.10.2018 09:00:00.000 GMT-0400,30.633,30.673,30.142,30.173,127.4595
05.10.2018 13:00:00.000 GMT-0400,30.172,30.283,30.072,30.253,134.38739999999999
08.10.2018 09:00:00.000 GMT-0400,30.103,30.263,29.928,30.082,104.22730000000001
08.10.2018 13:00:00.000 GMT-0400,30.083,30.433,30.032,30.292,116.87809999999999
09.10.2018 09:00:00.000 GMT-0400,30.032,30.203,29.892,30.082,129.87380000000002
09.10.2018 13:00:00.000 GMT-0400,30.083,30.143,29.949,29.982,132.7088
10.10.2018 09:00:00.000 GMT-0400,30.183,30.183,29.752,29.792,159.7575
10.10.2018 13:00:00.000 GMT-0400,29.793,29.953,29.232,29.232,165.007
11.10.2018 09:00:00.000 GMT-0400,28.943,29.263,28.592,28.843,122.4816
11.10.2018 13:00:00.000 GMT-0400,28.842,28.913,28.282,28.373,126.37010000000001
12.10.2018 09:00:00.000 GMT-0400,29.093,29.093,27.752,27.952,96.6825
12.10.2018 13:00:00.000 GMT-0400,27.953,28.603,27.862,28.422,82.1885
15.10.2018 09:00:00.000 GMT-0400,28.552,28.633,27.662,27.962,81.3665
15.10.2018 13:00:00.000 GMT-0400,27.963,28.403,27.942,27.943,85.9292
16.10.2018 09:00:00.000 GMT-0400,28.343,28.433,27.922,28.393,100.65370000000001
16.10.2018 13:00:00.000 GMT-0400,28.392,28.593,28.298,28.553,102.0587
17.10.2018 09:00:00.000 GMT-0400,28.413,29.203,28.178,29.192,116.01520000000001
17.10.2018 13:00:00.000 GMT-0400,29.192,29.203,28.772,28.932,102.9188
18.10.2018 09:00:00.000 GMT-0400,28.693,28.913,28.282,28.472,111.0555
18.10.2018 13:00:00.000 GMT-0400,28.473,28.533,28.162,28.272,104.9042
19.10.2018 09:00:00.000 GMT-0400,28.242,28.533,27.992,28.383,115.95309999999999
19.10.2018 13:00:00.000 GMT-0400,28.382,28.483,28.232,28.323,95.80609999999999
22.10.2018 09:00:00.000 GMT-0400,28.363,28.363,27.552,27.602,114.3535
22.10.2018 13:00:00.000 GMT-0400,27.602,27.733,27.332,27.382,95.2986
23.10.2018 09:00:00.000 GMT-0400,26.402,27.083,26.133,26.923,106.3439
23.10.2018 13:00:00.000 GMT-0400,26.922,27.213,26.782,27.022,130.43290000000002
24.10.2018 09:00:00.000 GMT-0400,26.923,26.923,26.432,26.522,112.03529999999999
24.10.2018 13:00:00.000 GMT-0400,26.522,26.593,26.102,26.192,142.2168
25.10.2018 09:00:00.000 GMT-0400,26.412,26.883,26.272,26.723,109.076
25.10.2018 13:00:00.000 GMT-0400,26.732,26.943,26.542,26.612,122.58099999999999
26.10.2018 09:00:00.000 GMT-0400,26.342,26.513,25.902,26.392,125.79539999999999
26.10.2018 13:00:00.000 GMT-0400,26.393,26.593,26.202,26.403,133.1665
29.10.2018 09:00:00.000 GMT-0400,26.722,27.193,26.722,26.952,128.28480000000002
29.10.2018 13:00:00.000 GMT-0400,26.953,27.093,26.312,26.622,131.8369
30.10.2018 09:00:00.000 GMT-0400,26.842,26.873,26.342,26.432,135.30180000000001
30.10.2018 13:00:00.000 GMT-0400,26.433,26.863,26.382,26.802,131.5933
31.10.2018 09:00:00.000 GMT-0400,27.202,27.683,27.112,27.653,122.7055
31.10.2018 13:00:00.000 GMT-0400,27.652,27.902,27.512,27.533,131.0385
01.11.2018 09:00:00.000 GMT-0400,27.883,28.013,27.632,27.822,107.63539999999999
01.11.2018 13:00:00.000 GMT-0400,27.823,27.852,27.692,27.822,105.1644
02.11.2018 09:00:00.000 GMT-0400,28.123,28.393,27.662,27.712,116.8426
02.11.2018 13:00:00.000 GMT-0400,27.712,28.002,27.542,27.902,95.5101
05.11.2018 09:00:00.000 GMT-0500,27.963,28.183,27.912,28.033,87.5584
05.11.2018 13:00:00.000 GMT-0500,28.032,28.253,28.032,28.082,105.38329999999999
06.11.2018 09:00:00.000 GMT-0500,28.062,28.263,27.762,28.202,82.5314
06.11.2018 13:00:00.000 GMT-0500,28.203,28.233,28.042,28.212,80.0411
07.11.2018 09:00:00.000 GMT-0500,28.433,28.683,28.162,28.392,86.36160000000001
07.11.2018 13:00:00.000 GMT-0500,28.393,28.623,28.312,28.563,92.1147
08.11.2018 09:00:00.000 GMT-0500,28.563,29.133,28.452,29.043,104.1596
08.11.2018 13:00:00.000 GMT-0500,29.042,29.083,28.672,28.912,94.451
09.11.2018 09:00:00.000 GMT-0500,28.832,28.903,28.522,28.562,89.7245
09.11.2018 13:00:00.000 GMT-0500,28.562,28.662,28.402,28.522,87.0627
12.11.2018 09:00:00.000 GMT-0500,28.512,28.563,27.752,27.972,105.1701
12.11.2018 13:00:00.000 GMT-0500,27.973,28.093,27.662,27.762,98.5762
13.11.2018 09:00:00.000 GMT-0500,27.802,28.153,27.712,27.963,128.7511
13.11.2018 13:00:00.000 GMT-0500,27.962,28.043,27.753,27.782,123.5627
14.11.2018 09:00:00.000 GMT-0500,27.973,28.113,27.092,27.103,131.78249999999997
14.11.2018 13:00:00.000 GMT-0500,27.093,27.373,26.802,27.242,118.19819999999999
15.11.2018 09:00:00.000 GMT-0500,27.172,27.763,26.902,27.573,111.07320000000001
15.11.2018 13:00:00.000 GMT-0500,27.572,27.983,27.462,27.933,120.67590000000001
16.11.2018 09:00:00.000 GMT-0500,27.752,27.903,27.442,27.702,97.1758
16.11.2018 13:00:00.000 GMT-0500,27.703,27.883,27.582,27.772,96.31230000000001
19.11.2018 09:00:00.000 GMT-0500,27.953,28.033,27.568,27.711,93.2471
19.11.2018 13:00:00.000 GMT-0500,27.711,27.913,27.562,27.773,95.963
20.11.2018 09:00:00.000 GMT-0500,27.462,27.583,26.992,27.382,135.0859
20.11.2018 13:00:00.000 GMT-0500,27.382,27.563,27.299,27.402,109.6347
21.11.2018 09:00:00.000 GMT-0500,27.532,27.773,27.292,27.582,93.7787
21.11.2018 13:00:00.000 GMT-0500,27.583,27.603,27.272,27.292,77.3378
23.11.2018 09:00:00.000 GMT-0500,27.172,27.183,26.902,26.993,89.94239999999999
26.11.2018 09:00:00.000 GMT-0500,27.343,27.743,27.132,27.492,82.6759
26.11.2018 13:00:00.000 GMT-0500,27.493,27.683,27.462,27.573,81.1142
27.11.2018 09:00:00.000 GMT-0500,27.433,27.913,27.412,27.673,94.4009
27.11.2018 13:00:00.000 GMT-0500,27.672,27.773,27.642,27.763,73.38820000000001
28.11.2018 09:00:00.000 GMT-0500,27.923,28.253,27.582,28.222,83.0034
28.11.2018 13:00:00.000 GMT-0500,28.223,28.483,28.182,28.453,97.7274
29.11.2018 09:00:00.000 GMT-0500,28.302,28.363,27.992,28.072,105.13250000000001
29.11.2018 13:00:00.000 GMT-0500,28.072,28.233,28.022,28.062,88.0233
30.11.2018 09:00:00.000 GMT-0500,27.963,28.273,27.892,28.123,73.3161
30.11.2018 13:00:00.000 GMT-0500,28.122,28.643,28.082,28.402,75.5929
03.12.2018 09:00:00.000 GMT-0500,29.002,29.053,28.372,28.532,99.73620000000001
03.12.2018 13:00:00.000 GMT-0500,28.532,28.673,28.442,28.563,86.5581
04.12.2018 09:00:00.000 GMT-0500,28.333,28.333,26.972,26.983,118.5549
04.12.2018 13:00:00.000 GMT-0500,26.982,27.253,26.752,27.012,113.93020000000001
06.12.2018 09:00:00.000 GMT-0500,26.232,26.342,25.553,25.942,120.29830000000001
06.12.2018 13:00:00.000 GMT-0500,25.943,26.313,25.672,26.312,113.7337
07.12.2018 09:00:00.000 GMT-0500,26.283,26.553,25.552,25.742,106.948
07.12.2018 13:00:00.000 GMT-0500,25.743,25.773,25.322,25.452,104.94919999999999
10.12.2018 09:00:00.000 GMT-0500,25.152,25.252,24.312,24.732,129.68200000000002
10.12.2018 13:00:00.000 GMT-0500,24.733,24.923,24.642,24.773,109.33599999999998
11.12.2018 09:00:00.000 GMT-0500,25.302,25.413,24.592,24.712,114.62619999999998
11.12.2018 13:00:00.000 GMT-0500,24.702,24.953,24.552,24.603,106.2871
12.12.2018 09:00:00.000 GMT-0500,24.883,24.953,24.392,24.902,116.1593
12.12.2018 13:00:00.000 GMT-0500,24.913,25.003,24.522,24.553,126.22489999999999
13.12.2018 09:00:00.000 GMT-0500,24.692,24.833,24.402,24.483,102.8323
13.12.2018 13:00:00.000 GMT-0500,24.482,24.503,24.302,24.413,97.0856
14.12.2018 09:00:00.000 GMT-0500,24.213,24.883,24.142,24.643,100.4918
14.12.2018 13:00:00.000 GMT-0500,24.642,24.753,24.452,24.502,94.5598
17.12.2018 09:00:00.000 GMT-0500,24.453,24.942,24.182,24.712,103.0119
17.12.2018 13:00:00.000 GMT-0500,24.713,24.743,24.402,24.493,106.06909999999999
18.12.2018 09:00:00.000 GMT-0500,24.822,25.103,24.623,24.823,115.2339
18.12.2018 13:00:00.000 GMT-0500,24.822,24.883,24.332,24.492,108.2753
19.12.2018 09:00:00.000 GMT-0500,24.612,25.153,24.322,25.113,170.7989
19.12.2018 13:00:00.000 GMT-0500,25.112,25.253,24.092,24.192,237.6058
20.12.2018 09:00:00.000 GMT-0500,23.863,24.423,23.782,24.153,262.7914
20.12.2018 13:00:00.000 GMT-0500,24.152,24.443,23.982,24.112,275.9438
21.12.2018 09:00:00.000 GMT-0500,24.182,24.523,23.782,23.833,247.9719
21.12.2018 13:00:00.000 GMT-0500,23.832,23.913,23.282,23.372,255.55829999999997
24.12.2018 09:00:00.000 GMT-0500,22.773,23.223,22.682,22.782,271.56440000000003
26.12.2018 09:00:00.000 GMT-0500,23.023,23.633,22.712,23.612,253.6787
26.12.2018 13:00:00.000 GMT-0500,23.612,24.193,23.422,24.122,235.11169999999998
27.12.2018 09:00:00.000 GMT-0500,23.922,24.203,23.602,23.703,230.6506
27.12.2018 13:00:00.000 GMT-0500,23.702,24.373,23.402,24.363,237.51420000000002
28.12.2018 09:00:00.000 GMT-0500,24.662,24.763,24.272,24.612,226.6927
28.12.2018 13:00:00.000 GMT-0500,24.613,24.723,24.312,24.412,220.098
31.12.2018 09:00:00.000 GMT-0500,24.713,24.983,24.392,24.582,191.024
31.12.2018 13:00:00.000 GMT-0500,24.583,24.683,24.432,24.683,209.73930000000001
02.01.2019 09:00:00.000 GMT-0500,24.112,25.073,24.032,24.963,238.8977
02.01.2019 13:00:00.000 GMT-0500,24.962,25.163,24.842,24.992,215.74020000000002
03.01.2019 09:00:00.000 GMT-0500,24.953,25.033,24.472,24.902,250.7369
03.01.2019 13:00:00.000 GMT-0500,24.902,24.902,24.512,24.572,198.8014
04.01.2019 09:00:00.000 GMT-0500,25.153,25.573,25.072,25.512,257.1438
04.01.2019 13:00:00.000 GMT-0500,25.522,25.663,25.442,25.593,229.6476
07.01.2019 09:00:00.000 GMT-0500,25.633,25.683,25.312,25.663,212.8531
07.01.2019 13:00:00.000 GMT-0500,25.662,25.793,25.562,25.562,193.2605
08.01.2019 09:00:00.000 GMT-0500,25.712,25.802,25.112,25.202,246.05420000000004
08.01.2019 13:00:00.000 GMT-0500,25.203,25.523,25.122,25.523,207.151
09.01.2019 09:00:00.000 GMT-0500,25.753,25.793,25.412,25.792,215.1865
09.01.2019 13:00:00.000 GMT-0500,25.793,25.862,25.682,25.772,198.5861
10.01.2019 09:00:00.000 GMT-0500,25.693,25.792,25.433,25.673,221.68599999999998
10.01.2019 13:00:00.000 GMT-0500,25.672,25.753,25.462,25.733,209.0336
11.01.2019 09:00:00.000 GMT-0500,25.623,26.053,25.482,25.943,240.7823
11.01.2019 13:00:00.000 GMT-0500,25.942,26.053,25.922,26.032,222.5038
14.01.2019 09:00:00.000 GMT-0500,25.823,26.463,25.632,26.442,194.7368
14.01.2019 13:00:00.000 GMT-0500,26.443,26.492,26.302,26.383,238.30849999999998
15.01.2019 09:00:00.000 GMT-0500,26.233,26.823,26.072,26.672,225.8023
15.01.2019 13:00:00.000 GMT-0500,26.673,26.683,26.392,26.572,223.79469999999998
16.01.2019 09:00:00.000 GMT-0500,28.152,28.643,27.882,28.502,181.6131
16.01.2019 13:00:00.000 GMT-0500,28.503,28.723,28.422,28.452,172.6388
17.01.2019 09:00:00.000 GMT-0500,28.382,28.723,28.112,28.712,174.63989999999998
17.01.2019 13:00:00.000 GMT-0500,28.713,29.012,28.702,29.012,186.17970000000003
18.01.2019 09:00:00.000 GMT-0500,29.092,29.473,28.732,29.413,243.4887
18.01.2019 13:00:00.000 GMT-0500,29.412,29.422,29.152,29.313,208.28969999999998
22.01.2019 09:00:00.000 GMT-0500,29.052,29.313,29.002,29.153,254.78660000000002
22.01.2019 13:00:00.000 GMT-0500,29.152,29.153,28.912,29.112,349.8345
23.01.2019 09:00:00.000 GMT-0500,29.242,29.293,28.632,28.872,265.5604
23.01.2019 13:00:00.000 GMT-0500,28.872,29.103,28.772,28.929,222.36520000000002
24.01.2019 09:00:00.000 GMT-0500,28.792,29.093,28.762,28.942,248.08299999999997
24.01.2019 13:00:00.000 GMT-0500,28.943,29.213,28.812,29.102,202.3774
25.01.2019 09:00:00.000 GMT-0500,29.303,29.743,29.158,29.633,68.1
25.01.2019 13:00:00.000 GMT-0500,29.632,29.653,29.440,29.590,344.30859999999996
28.01.2019 09:00:00.000 GMT-0500,29.372,29.693,29.363,29.550,453.23900000000003
28.01.2019 13:00:00.000 GMT-0500,29.550,29.693,29.518,29.649,371.80830000000003
29.01.2019 09:00:00.000 GMT-0500,29.663,29.723,29.372,29.442,393.12570000000005
29.01.2019 13:00:00.000 GMT-0500,29.433,29.523,29.362,29.402,328.6355
30.01.2019 09:00:00.000 GMT-0500,29.483,29.483,29.082,29.303,384.7421
30.01.2019 13:00:00.000 GMT-0500,29.293,29.483,28.973,29.093,457.95989999999995
31.01.2019 09:00:00.000 GMT-0500,28.773,28.873,28.002,28.162,449.9568
31.01.2019 13:00:00.000 GMT-0500,28.162,28.520,28.119,28.503,410.1967
01.02.2019 09:00:00.000 GMT-0500,28.612,28.862,28.443,28.643,392.3189
01.02.2019 13:00:00.000 GMT-0500,28.643,28.683,28.328,28.392,376.44090000000006
04.02.2019 09:00:00.000 GMT-0500,28.482,28.982,28.432,28.872,363.7776
04.02.2019 13:00:00.000 GMT-0500,28.883,28.993,28.848,28.913,351.0454
05.02.2019 09:00:00.000 GMT-0500,28.922,28.922,28.602,28.627,388.8958
05.02.2019 13:00:00.000 GMT-0500,28.627,28.812,28.599,28.803,301.5682
06.02.2019 09:00:00.000 GMT-0500,28.732,28.923,28.571,28.699,380.6954
06.02.2019 13:00:00.000 GMT-0500,28.699,28.823,28.668,28.760,290.0194
07.02.2019 09:00:00.000 GMT-0500,28.553,28.653,27.922,28.009,505.98159999999996
07.02.2019 13:00:00.000 GMT-0500,28.009,28.259,27.960,28.259,404.96540000000005
08.02.2019 09:00:00.000 GMT-0500,28.213,28.352,27.882,28.190,434.9291
08.02.2019 13:00:00.000 GMT-0500,28.190,28.313,28.149,28.301,343.4536
11.02.2019 09:00:00.000 GMT-0500,28.403,28.472,28.232,28.383,326.75759999999997
11.02.2019 13:00:00.000 GMT-0500,28.383,28.483,28.292,28.422,282.0897
12.02.2019 09:00:00.000 GMT-0500,28.663,28.883,28.601,28.653,344.3255
12.02.2019 13:00:00.000 GMT-0500,28.653,28.803,28.623,28.713,292.8437
13.02.2019 09:00:00.000 GMT-0500,28.923,29.013,28.749,28.852,348.086
13.02.2019 13:00:00.000 GMT-0500,28.853,28.883,28.692,28.709,297.8056
14.02.2019 09:00:00.000 GMT-0500,28.463,28.633,28.132,28.521,371.3717
14.02.2019 13:00:00.000 GMT-0500,28.523,28.652,28.399,28.413,287.423
15.02.2019 09:00:00.000 GMT-0500,28.812,29.343,28.698,29.273,414.8743
15.02.2019 13:00:00.000 GMT-0500,29.273,29.283,29.070,29.142,310.6395
19.02.2019 09:00:00.000 GMT-0500,28.953,29.073,28.772,29.063,419.13509999999997
19.02.2019 13:00:00.000 GMT-0500,29.063,29.282,29.018,29.153,411.6651
20.02.2019 09:00:00.000 GMT-0500,29.212,29.269,29.032,29.252,381.81690000000003
20.02.2019 13:00:00.000 GMT-0500,29.252,29.473,29.250,29.452,444.1841999999999
21.02.2019 09:00:00.000 GMT-0500,29.353,29.482,29.132,29.322,443.019
21.02.2019 13:00:00.000 GMT-0500,29.322,29.353,29.177,29.312,382.1153
22.02.2019 09:00:00.000 GMT-0500,29.083,29.293,28.982,29.062,406.4086
22.02.2019 13:00:00.000 GMT-0500,29.062,29.123,28.982,29.093,420.2002
25.02.2019 09:00:00.000 GMT-0500,29.182,29.603,29.163,29.532,443.5092
25.02.2019 13:00:00.000 GMT-0500,29.533,29.583,29.253,29.293,318.47990000000004
26.02.2019 09:00:00.000 GMT-0500,29.222,29.653,28.992,29.441,489.05640000000005
26.02.2019 13:00:00.000 GMT-0500,29.441,29.462,29.313,29.313,408.124
27.02.2019 09:00:00.000 GMT-0500,29.332,29.603,29.229,29.583,481.7107
27.02.2019 13:00:00.000 GMT-0500,29.583,29.693,29.529,29.552,426.93
28.02.2019 09:00:00.000 GMT-0500,29.553,29.553,29.232,29.383,398.1277
28.02.2019 13:00:00.000 GMT-0500,29.383,29.413,29.032,29.073,389.74710000000005
01.03.2019 09:00:00.000 GMT-0500,29.369,29.673,29.311,29.373,437.3979
01.03.2019 13:00:00.000 GMT-0500,29.382,29.433,29.230,29.333,364.28970000000004
04.03.2019 09:00:00.000 GMT-0500,29.402,29.563,28.847,28.889,462.0878
04.03.2019 13:00:00.000 GMT-0500,28.883,29.068,28.792,29.032,378.027
05.03.2019 09:00:00.000 GMT-0500,29.163,29.163,28.722,29.032,80.00110000000001
05.03.2019 13:00:00.000 GMT-0500,29.032,29.203,28.962,29.102,200.2767
06.03.2019 09:00:00.000 GMT-0500,29.022,29.173,28.882,28.923,189.0491
06.03.2019 13:00:00.000 GMT-0500,28.922,29.063,28.822,28.852,176.6889
07.03.2019 09:00:00.000 GMT-0500,28.713,28.723,28.282,28.582,267.9211
07.03.2019 13:00:00.000 GMT-0500,28.572,28.603,28.322,28.563,218.6576
08.03.2019 09:00:00.000 GMT-0500,28.222,28.623,28.032,28.461,238.7089
08.03.2019 13:00:00.000 GMT-0500,28.462,28.683,28.462,28.673,222.0837
11.03.2019 09:00:00.000 GMT-0400,29.032,29.033,28.673,29.002,43.3228
11.03.2019 13:00:00.000 GMT-0400,29.003,29.073,28.922,28.952,220.0673
12.03.2019 09:00:00.000 GMT-0400,29.022,29.133,28.912,28.983,224.8451
12.03.2019 13:00:00.000 GMT-0400,28.982,29.063,28.932,28.962,207.48739999999998
13.03.2019 09:00:00.000 GMT-0400,29.062,29.523,29.003,29.458,211.579
13.03.2019 13:00:00.000 GMT-0400,29.460,29.493,29.260,29.312,237.12900000000002
14.03.2019 09:00:00.000 GMT-0400,29.393,29.653,29.252,29.580,212.3105
14.03.2019 13:00:00.000 GMT-0400,29.580,29.583,29.461,29.481,218.15089999999998
15.03.2019 09:00:00.000 GMT-0400,29.462,29.623,29.322,29.562,193.69920000000002
15.03.2019 13:00:00.000 GMT-0400,29.562,29.573,29.282,29.312,174.96210000000002
18.03.2019 09:00:00.000 GMT-0400,29.482,29.973,29.343,29.971,211.1002
18.03.2019 13:00:00.000 GMT-0400,29.971,29.973,29.772,29.842,189.4111
19.03.2019 09:00:00.000 GMT-0400,30.032,30.153,29.832,29.953,198.0888
19.03.2019 13:00:00.000 GMT-0400,29.962,29.973,29.562,29.672,231.49689999999998
20.03.2019 09:00:00.000 GMT-0400,29.702,29.702,29.302,29.442,194.4852
20.03.2019 13:00:00.000 GMT-0400,29.443,29.483,28.622,28.643,238.326
21.03.2019 09:00:00.000 GMT-0400,28.483,28.609,28.062,28.183,281.0017
21.03.2019 13:00:00.000 GMT-0400,28.182,28.403,28.142,28.203,309.053
22.03.2019 09:00:00.000 GMT-0400,27.922,28.083,26.732,26.932,455.67629999999997
22.03.2019 13:00:00.000 GMT-0400,26.933,27.183,26.917,27.023,301.11580000000004
25.03.2019 09:00:00.000 GMT-0400,27.073,27.393,26.732,26.872,325.1774
25.03.2019 13:00:00.000 GMT-0400,26.873,26.973,26.622,26.862,256.0255
26.03.2019 09:00:00.000 GMT-0400,27.173,27.363,26.902,26.983,278.50350000000003
26.03.2019 13:00:00.000 GMT-0400,26.982,27.243,26.952,27.232,275.7369
27.03.2019 09:00:00.000 GMT-0400,27.163,27.383,26.962,27.108,232.52390000000003
27.03.2019 13:00:00.000 GMT-0400,27.108,27.273,27.000,27.042,187.1945
28.03.2019 09:00:00.000 GMT-0400,27.272,27.423,27.042,27.143,277.18330000000003
28.03.2019 13:00:00.000 GMT-0400,27.142,27.383,27.118,27.362,214.4943
29.03.2019 09:00:00.000 GMT-0400,27.582,27.683,27.342,27.392,256.3062
29.03.2019 13:00:00.000 GMT-0400,27.393,27.603,27.322,27.563,251.0648
01.04.2019 09:00:00.000 GMT-0400,27.942,28.602,27.872,28.602,283.7165
01.04.2019 13:00:00.000 GMT-0400,28.602,28.753,28.492,28.562,262.48900000000003
02.04.2019 09:00:00.000 GMT-0400,28.532,28.883,28.372,28.693,253.101
02.04.2019 13:00:00.000 GMT-0400,28.692,28.883,28.652,28.872,200.8066
03.04.2019 09:00:00.000 GMT-0400,29.123,29.253,28.772,28.822,235.0734
03.04.2019 13:00:00.000 GMT-0400,28.833,28.913,28.722,28.852,222.6738
04.04.2019 09:00:00.000 GMT-0400,28.862,29.323,28.862,29.143,248.7329
04.04.2019 13:00:00.000 GMT-0400,29.142,29.263,29.102,29.172,210.1078
05.04.2019 09:00:00.000 GMT-0400,29.423,29.513,29.052,29.132,213.8604
05.04.2019 13:00:00.000 GMT-0400,29.133,29.172,29.002,29.102,146.17289999999997
08.04.2019 09:00:00.000 GMT-0400,28.962,29.193,28.892,29.102,140.9562
08.04.2019 13:00:00.000 GMT-0400,29.092,29.213,29.082,29.212,101.6279
09.04.2019 09:00:00.000 GMT-0400,29.022,29.083,28.762,28.953,158.62279999999998
09.04.2019 13:00:00.000 GMT-0400,28.952,29.013,28.762,28.902,117.662
10.04.2019 09:00:00.000 GMT-0400,28.942,29.113,28.772,28.873,166.6545
10.04.2019 13:00:00.000 GMT-0400,28.872,29.163,28.862,29.103,172.4944
11.04.2019 09:00:00.000 GMT-0400,29.262,29.503,29.012,29.142,201.87109999999998
11.04.2019 13:00:00.000 GMT-0400,29.143,29.233,29.082,29.092,178.30630000000002
12.04.2019 09:00:00.000 GMT-0400,29.673,30.233,29.592,30.122,234.88309999999998
12.04.2019 13:00:00.000 GMT-0400,30.123,30.193,29.962,30.193,189.9851
15.04.2019 09:00:00.000 GMT-0400,30.152,30.152,29.682,29.702,163.9943
15.04.2019 13:00:00.000 GMT-0400,29.703,29.913,29.702,29.853,161.0731
16.04.2019 09:00:00.000 GMT-0400,29.313,29.863,29.022,29.842,168.94389999999999
16.04.2019 13:00:00.000 GMT-0400,29.842,30.063,29.682,29.892,143.57979999999998
17.04.2019 09:00:00.000 GMT-0400,29.883,30.063,29.482,30.062,193.1906
17.04.2019 13:00:00.000 GMT-0400,30.053,30.133,29.903,30.052,216.6722
18.04.2019 09:00:00.000 GMT-0400,29.972,30.173,29.842,30.132,205.34070000000003
18.04.2019 13:00:00.000 GMT-0400,30.132,30.153,29.982,30.033,217.81939999999997
22.04.2019 09:00:00.000 GMT-0400,29.942,30.103,29.802,30.082,182.2203
22.04.2019 13:00:00.000 GMT-0400,30.083,30.113,30.052,30.073,180.2461
23.04.2019 09:00:00.000 GMT-0400,29.992,30.223,29.942,30.152,152.15109999999999
23.04.2019 13:00:00.000 GMT-0400,30.153,30.173,30.072,30.103,130.6112
24.04.2019 09:00:00.000 GMT-0400,29.983,30.153,29.872,30.093,183.37279999999998
24.04.2019 13:00:00.000 GMT-0400,30.092,30.183,30.002,30.042,175.5609
25.04.2019 09:00:00.000 GMT-0400,29.952,30.333,29.912,30.302,218.9448
25.04.2019 13:00:00.000 GMT-0400,30.303,30.313,30.102,30.103,153.1202
26.04.2019 09:00:00.000 GMT-0400,30.172,30.402,30.072,30.282,164.04719999999998
26.04.2019 13:00:00.000 GMT-0400,30.283,30.372,30.232,30.363,185.7177
29.04.2019 09:00:00.000 GMT-0400,30.482,31.113,30.432,31.112,302.2726
29.04.2019 13:00:00.000 GMT-0400,31.112,31.182,30.792,30.792,314.5213
30.04.2019 09:00:00.000 GMT-0400,30.822,30.893,30.432,30.502,277.2376
30.04.2019 13:00:00.000 GMT-0400,30.503,30.643,30.502,30.582,270.0193
01.05.2019 09:00:00.000 GMT-0400,30.832,30.903,30.222,30.302,273.0539
01.05.2019 13:00:00.000 GMT-0400,30.303,30.673,30.202,30.283,301.30379999999997
02.05.2019 09:00:00.000 GMT-0400,30.463,30.563,30.172,30.442,335.8383
02.05.2019 13:00:00.000 GMT-0400,30.443,30.563,30.402,30.503,274.7004
03.05.2019 09:00:00.000 GMT-0400,30.762,30.813,30.522,30.722,278.7639
03.05.2019 13:00:00.000 GMT-0400,30.723,30.813,30.692,30.722,251.22539999999998
06.05.2019 09:00:00.000 GMT-0400,30.132,30.583,30.102,30.483,340.0534
06.05.2019 13:00:00.000 GMT-0400,30.483,30.623,30.442,30.493,358.0838
07.05.2019 09:00:00.000 GMT-0400,30.233,30.233,29.892,29.952,478.41830000000004
07.05.2019 13:00:00.000 GMT-0400,29.953,29.973,29.652,29.923,512.6231
08.05.2019 09:00:00.000 GMT-0400,29.932,30.123,29.682,29.993,446.2575
08.05.2019 13:00:00.000 GMT-0400,29.993,30.093,29.802,29.823,347.61969999999997
09.05.2019 09:00:00.000 GMT-0400,29.423,29.793,29.302,29.702,466.8753
09.05.2019 13:00:00.000 GMT-0400,29.693,29.763,29.512,29.722,400.98839999999996
10.05.2019 09:00:00.000 GMT-0400,29.493,29.723,29.202,29.613,461.3895
10.05.2019 13:00:00.000 GMT-0400,29.613,29.723,29.472,29.613,456.3161
13.05.2019 09:00:00.000 GMT-0400,29.092,29.092,28.242,28.252,516.4553000000001
13.05.2019 13:00:00.000 GMT-0400,28.253,28.493,28.072,28.263,535.9014
14.05.2019 09:00:00.000 GMT-0400,28.452,29.013,28.232,28.872,361.7988
14.05.2019 13:00:00.000 GMT-0400,28.873,28.942,28.633,28.652,380.9014
15.05.2019 09:00:00.000 GMT-0400,28.242,28.463,28.032,28.362,407.864
15.05.2019 13:00:00.000 GMT-0400,28.363,28.503,28.302,28.323,387.2421
16.05.2019 09:00:00.000 GMT-0400,28.472,28.823,28.442,28.812,364.62840000000006
16.05.2019 13:00:00.000 GMT-0400,28.813,28.843,28.582,28.633,408.6547
17.05.2019 09:00:00.000 GMT-0400,28.272,28.653,28.242,28.573,422.9083
17.05.2019 13:00:00.000 GMT-0400,28.573,28.623,28.322,28.413,459.8856
20.05.2019 09:00:00.000 GMT-0400,28.442,28.533,28.252,28.463,398.92269999999996
20.05.2019 13:00:00.000 GMT-0400,28.462,28.493,28.322,28.412,371.3188
21.05.2019 09:00:00.000 GMT-0400,28.703,28.723,28.472,28.723,408.1779
21.05.2019 13:00:00.000 GMT-0400,28.723,28.763,28.662,28.713,333.5389
22.05.2019 09:00:00.000 GMT-0400,28.682,28.683,28.372,28.512,307.455
22.05.2019 13:00:00.000 GMT-0400,28.513,28.593,28.452,28.512,328.912
23.05.2019 09:00:00.000 GMT-0400,28.232,28.242,27.682,27.723,411.2483
23.05.2019 13:00:00.000 GMT-0400,27.723,27.783,27.522,27.782,496.02160000000003
24.05.2019 09:00:00.000 GMT-0400,28.013,28.143,27.882,28.143,339.3136
24.05.2019 13:00:00.000 GMT-0400,28.143,28.273,28.132,28.212,412.5281
28.05.2019 09:00:00.000 GMT-0400,28.103,28.263,28.062,28.223,387.0567
28.05.2019 13:00:00.000 GMT-0400,28.223,28.263,27.902,27.913,479.1989
29.05.2019 09:00:00.000 GMT-0400,27.632,27.753,27.402,27.552,515.6305
29.05.2019 13:00:00.000 GMT-0400,27.553,27.863,27.552,27.773,496.2155
30.05.2019 09:00:00.000 GMT-0400,27.832,27.943,27.312,27.403,467.1959
30.05.2019 13:00:00.000 GMT-0400,27.412,27.423,27.002,27.173,554.6949999999999
31.05.2019 09:00:00.000 GMT-0400,26.672,26.873,26.502,26.803,412.1935
31.05.2019 13:00:00.000 GMT-0400,26.803,26.883,26.592,26.613,595.3114
03.06.2019 09:00:00.000 GMT-0400,26.632,27.003,26.432,26.692,391.32360000000006
03.06.2019 13:00:00.000 GMT-0400,26.693,26.883,26.492,26.683,494.1116
04.06.2019 09:00:00.000 GMT-0400,27.313,27.873,27.162,27.812,434.9171
04.06.2019 13:00:00.000 GMT-0400,27.813,27.963,27.752,27.943,480.7105
05.06.2019 09:00:00.000 GMT-0400,28.012,28.012,27.482,27.912,296.2784
05.06.2019 13:00:00.000 GMT-0400,27.913,28.023,27.892,27.933,314.6404
06.06.2019 09:00:00.000 GMT-0400,27.882,27.883,27.562,27.802,302.8674
06.06.2019 13:00:00.000 GMT-0400,27.803,28.053,27.782,27.912,336.929
07.06.2019 09:00:00.000 GMT-0400,27.882,27.882,27.442,27.632,329.0122
07.06.2019 13:00:00.000 GMT-0400,27.632,27.653,27.472,27.533,360.7967
10.06.2019 09:00:00.000 GMT-0400,27.992,28.483,27.862,28.382,330.0125
10.06.2019 13:00:00.000 GMT-0400,28.383,28.463,28.062,28.092,355.967
11.06.2019 09:00:00.000 GMT-0400,28.472,28.713,28.212,28.252,379.1807
11.06.2019 13:00:00.000 GMT-0400,28.252,28.363,28.162,28.253,378.2263
12.06.2019 09:00:00.000 GMT-0400,28.263,28.312,27.882,28.003,358.55629999999996
12.06.2019 13:00:00.000 GMT-0400,28.002,28.063,27.922,27.972,339.62149999999997
13.06.2019 09:00:00.000 GMT-0400,28.093,28.173,27.942,28.112,362.2444
13.06.2019 13:00:00.000 GMT-0400,28.113,28.133,27.832,27.962,414.22310000000004
14.06.2019 09:00:00.000 GMT-0400,27.952,28.112,27.802,27.903,175.0042
14.06.2019 13:00:00.000 GMT-0400,27.902,28.183,27.902,28.053,311.21029999999996
17.06.2019 09:00:00.000 GMT-0400,28.173,28.233,27.812,28.113,314.0905
17.06.2019 13:00:00.000 GMT-0400,28.112,28.143,27.902,27.943,345.7197
18.06.2019 09:00:00.000 GMT-0400,28.042,28.773,27.852,28.542,376.26779999999997
18.06.2019 13:00:00.000 GMT-0400,28.543,28.813,28.452,28.643,388.7792
19.06.2019 09:00:00.000 GMT-0400,28.733,28.983,28.712,28.882,318.4694
19.06.2019 13:00:00.000 GMT-0400,28.892,28.973,28.322,28.342,437.1461
20.06.2019 09:00:00.000 GMT-0400,28.712,28.713,27.872,27.983,478.25530000000003
20.06.2019 13:00:00.000 GMT-0400,27.983,28.363,27.972,28.293,376.66099999999994
21.06.2019 09:00:00.000 GMT-0400,28.332,28.563,28.162,28.403,382.6805
21.06.2019 13:00:00.000 GMT-0400,28.402,28.433,28.102,28.153,410.08900000000006
24.06.2019 09:00:00.000 GMT-0400,28.183,28.393,27.912,28.123,406.4949
24.06.2019 13:00:00.000 GMT-0400,28.123,28.173,27.942,27.992,417.6981
25.06.2019 09:00:00.000 GMT-0400,28.163,28.163,27.402,27.803,377.0018
25.06.2019 13:00:00.000 GMT-0400,27.803,27.923,27.702,27.762,370.7379
26.06.2019 09:00:00.000 GMT-0400,28.022,28.193,27.932,28.022,325.87010000000004
26.06.2019 13:00:00.000 GMT-0400,28.023,28.023,27.872,27.942,343.63530000000003
27.06.2019 09:00:00.000 GMT-0400,28.113,28.343,28.102,28.253,320.55949999999996
27.06.2019 13:00:00.000 GMT-0400,28.253,28.313,28.112,28.222,285.4282
28.06.2019 09:00:00.000 GMT-0400,29.043,29.283,28.752,29.003,300.326
28.06.2019 13:00:00.000 GMT-0400,29.002,29.173,28.962,29.022,305.49060000000003
01.07.2019 09:00:00.000 GMT-0400,29.502,29.863,29.422,29.422,271.3457
01.07.2019 13:00:00.000 GMT-0400,29.423,29.483,29.272,29.443,277.6399
02.07.2019 09:00:00.000 GMT-0400,29.362,29.453,28.952,29.122,268.0765
02.07.2019 13:00:00.000 GMT-0400,29.123,29.163,29.022,29.162,277.091
03.07.2019 09:00:00.000 GMT-0400,29.242,29.282,28.942,29.073,284.202
03.07.2019 13:00:00.000 GMT-0400,29.062,29.283,29.042,29.063,0.17830000000000001
05.07.2019 09:00:00.000 GMT-0400,29.412,29.583,29.172,29.273,276.4071
05.07.2019 13:00:00.000 GMT-0400,29.273,29.333,29.202,29.282,233.4187
08.07.2019 09:00:00.000 GMT-0400,29.082,29.313,28.962,29.223,256.7062
08.07.2019 13:00:00.000 GMT-0400,29.223,29.263,29.102,29.232,253.03270000000003
09.07.2019 09:00:00.000 GMT-0400,29.092,29.433,28.962,29.312,207.36380000000003
09.07.2019 13:00:00.000 GMT-0400,29.313,29.413,29.272,29.373,236.7042
10.07.2019 09:00:00.000 GMT-0400,29.302,29.403,29.002,29.133,280.1182
10.07.2019 13:00:00.000 GMT-0400,29.133,29.193,28.982,29.032,279.5115
11.07.2019 09:00:00.000 GMT-0400,29.132,29.263,29.062,29.263,303.2475
11.07.2019 13:00:00.000 GMT-0400,29.263,29.513,29.262,29.392,274.18510000000003
12.07.2019 09:00:00.000 GMT-0400,29.512,29.543,29.372,29.443,243.5902
12.07.2019 13:00:00.000 GMT-0400,29.443,29.513,29.432,29.462,282.1633
15.07.2019 09:00:00.000 GMT-0400,29.592,29.592,29.132,29.162,137.816
15.07.2019 13:00:00.000 GMT-0400,29.163,29.243,29.102,29.233,113.87469999999999
16.07.2019 09:00:00.000 GMT-0400,29.303,29.303,28.882,28.892,141.8015
16.07.2019 13:00:00.000 GMT-0400,28.893,29.123,28.882,29.003,177.2402
17.07.2019 09:00:00.000 GMT-0400,29.133,29.553,29.022,29.542,184.3313
17.07.2019 13:00:00.000 GMT-0400,29.543,29.633,29.192,29.212,208.5702
18.07.2019 09:00:00.000 GMT-0400,29.303,29.533,29.202,29.492,179.67879999999997
18.07.2019 13:00:00.000 GMT-0400,29.493,29.593,29.322,29.492,203.92090000000002
19.07.2019 09:00:00.000 GMT-0400,29.602,29.632,29.462,29.542,149.0508
19.07.2019 13:00:00.000 GMT-0400,29.543,29.593,29.402,29.423,239.1729
22.07.2019 09:00:00.000 GMT-0400,29.330,29.583,29.302,29.562,179.22039999999998
22.07.2019 13:00:00.000 GMT-0400,29.563,29.623,29.532,29.582,182.17680000000001
23.07.2019 09:00:00.000 GMT-0400,29.742,30.263,29.742,30.152,290.6056
23.07.2019 13:00:00.000 GMT-0400,30.153,30.293,30.132,30.272,384.26570000000004
24.07.2019 09:00:00.000 GMT-0400,30.102,30.713,30.082,30.713,193.6386
24.07.2019 13:00:00.000 GMT-0400,30.712,30.763,30.652,30.693,269.66639999999995
25.07.2019 09:00:00.000 GMT-0400,30.762,30.903,30.282,30.333,208.5326
25.07.2019 13:00:00.000 GMT-0400,30.332,30.393,30.232,30.362,216.41570000000002
26.07.2019 09:00:00.000 GMT-0400,30.673,30.853,30.442,30.832,211.48860000000002
26.07.2019 13:00:00.000 GMT-0400,30.833,31.003,30.782,30.792,279.716
29.07.2019 09:00:00.000 GMT-0400,30.812,30.863,30.622,30.753,188.98919999999998
29.07.2019 13:00:00.000 GMT-0400,30.753,30.773,30.512,30.533,228.12470000000002
30.07.2019 09:00:00.000 GMT-0400,30.373,30.653,30.172,30.593,165.8764
30.07.2019 13:00:00.000 GMT-0400,30.592,30.913,30.592,30.902,179.8798
31.07.2019 09:00:00.000 GMT-0400,30.862,30.943,30.612,30.872,142.2098
31.07.2019 13:00:00.000 GMT-0400,30.873,31.073,30.652,30.693,203.08499999999998